leg,hour,veh_per_hour,veh_per_min
0,2024-08-01 12:00:00+00:00,1773.0,29.55
0,2024-08-01 13:00:00+00:00,619.0,10.316666666666666
0,2024-08-01 14:00:00+00:00,657.0,10.95
0,2024-08-01 15:00:00+00:00,1124.0,18.733333333333334
0,2024-08-01 16:00:00+00:00,1944.0,32.4
0,2024-08-01 17:00:00+00:00,1592.0,26.533333333333335
0,2024-08-01 18:00:00+00:00,669.0,11.15
0,2024-08-05 10:00:00+00:00,1274.0,21.233333333333334
0,2024-09-04 13:00:00+00:00,2232.0,37.2
0,2024-09-04 14:00:00+00:00,2187.0,36.45
0,2024-09-04 15:00:00+00:00,2139.0,35.65
0,2024-09-04 16:00:00+00:00,2241.0,37.35
0,2024-09-04 17:00:00+00:00,2808.0,46.8
0,2024-09-04 18:00:00+00:00,2778.0,46.3
0,2024-09-04 19:00:00+00:00,2319.0,38.65
0,2024-09-04 20:00:00+00:00,1803.0,30.05
0,2024-09-04 21:00:00+00:00,1719.0,28.65
0,2024-09-04 22:00:00+00:00,1773.0,29.55
0,2024-10-04 10:00:00+00:00,1779.0,29.65
0,2024-10-04 11:00:00+00:00,1956.0,32.6
0,2024-10-04 12:00:00+00:00,1872.0,31.2
0,2024-10-07 08:00:00+00:00,1458.0,24.3
0,2024-10-07 09:00:00+00:00,1482.0,24.7
0,2024-10-07 10:00:00+00:00,1713.0,28.55
0,2024-10-07 11:00:00+00:00,1749.0,29.15
0,2024-10-07 12:00:00+00:00,1743.0,29.05
0,2024-11-03 00:00:00+00:00,557.0,9.283333333333333
0,2024-11-03 01:00:00+00:00,545.0,9.083333333333334
0,2024-11-03 06:00:00+00:00,165.0,2.75
0,2024-11-03 07:00:00+00:00,138.0,2.3
0,2024-11-03 11:00:00+00:00,383.0,6.383333333333334
0,2024-11-03 12:00:00+00:00,496.0,8.266666666666667
0,2024-11-03 14:00:00+00:00,510.0,8.5
0,2024-11-03 21:00:00+00:00,365.0,6.083333333333333
0,2024-11-03 22:00:00+00:00,352.0,5.866666666666666
0,2024-12-04 13:00:00+00:00,1224.0,20.4
0,2024-12-09 00:00:00+00:00,321.0,5.35
0,2024-12-09 01:00:00+00:00,215.0,3.5833333333333335
0,2024-12-09 02:00:00+00:00,338.0,5.633333333333334
0,2024-12-09 03:00:00+00:00,131.0,2.183333333333333
0,2024-12-09 04:00:00+00:00,117.0,1.95
0,2024-12-09 05:00:00+00:00,155.0,2.5833333333333335
0,2024-12-09 06:00:00+00:00,364.0,6.066666666666666
0,2024-12-09 07:00:00+00:00,1059.0,17.65
0,2025-01-06 08:00:00+00:00,521.0,8.683333333333334
0,2025-01-06 09:00:00+00:00,1626.0,27.1
0,2025-01-06 10:00:00+00:00,1662.0,27.7
0,2025-01-06 11:00:00+00:00,1632.0,27.2
0,2025-01-06 12:00:00+00:00,1965.0,32.75
0,2025-01-06 13:00:00+00:00,2052.0,34.2
0,2025-01-06 14:00:00+00:00,1905.0,31.75
0,2025-01-06 15:00:00+00:00,2118.0,35.3
0,2025-01-06 16:00:00+00:00,1944.0,32.4
0,2025-02-11 01:00:00+00:00,269.0,4.483333333333333
0,2025-02-11 02:00:00+00:00,0.0,0.0
0,2025-02-11 03:00:00+00:00,250.0,4.166666666666667
0,2025-02-11 04:00:00+00:00,303.0,5.05
0,2025-02-11 05:00:00+00:00,127.0,2.1166666666666667
0,2025-02-11 06:00:00+00:00,0.0,0.0
0,2025-02-11 07:00:00+00:00,389.0,6.483333333333333
0,2025-02-11 08:00:00+00:00,1358.0,22.633333333333333
0,2025-02-11 13:00:00+00:00,862.0,14.366666666666667
0,2025-02-11 14:00:00+00:00,916.0,15.266666666666667
0,2025-02-11 15:00:00+00:00,896.0,14.933333333333334
0,2025-02-11 16:00:00+00:00,812.0,13.533333333333333
0,2025-02-11 17:00:00+00:00,778.0,12.966666666666667
0,2025-02-11 18:00:00+00:00,987.0,16.45
0,2025-02-11 22:00:00+00:00,532.0,8.866666666666667
0,2025-02-11 23:00:00+00:00,540.0,9.0
0,2025-03-01 03:00:00+00:00,262.0,4.366666666666666
0,2025-03-01 04:00:00+00:00,434.0,7.233333333333333
0,2025-03-01 06:00:00+00:00,230.0,3.8333333333333335
0,2025-03-01 07:00:00+00:00,163.0,2.716666666666667
0,2025-03-01 08:00:00+00:00,227.0,3.783333333333333
0,2025-03-01 09:00:00+00:00,484.0,8.066666666666666
0,2025-03-01 10:00:00+00:00,1071.0,17.85
0,2025-03-01 11:00:00+00:00,1119.0,18.65
0,2025-03-01 13:00:00+00:00,1314.0,21.9
0,2025-03-01 14:00:00+00:00,424.0,7.066666666666666
0,2025-03-01 15:00:00+00:00,432.0,7.2
0,2025-03-01 17:00:00+00:00,860.0,14.333333333333334
0,2025-03-01 18:00:00+00:00,884.0,14.733333333333333
0,2025-03-01 20:00:00+00:00,333.0,5.55
0,2025-03-01 21:00:00+00:00,1044.0,17.4
0,2025-03-01 22:00:00+00:00,378.0,6.3
0,2025-03-01 23:00:00+00:00,890.0,14.833333333333334
0,2025-04-01 08:00:00+00:00,499.0,8.316666666666666
0,2025-04-01 09:00:00+00:00,938.0,15.633333333333333
0,2025-04-01 10:00:00+00:00,593.0,9.883333333333333
0,2025-04-01 11:00:00+00:00,590.0,9.833333333333334
0,2025-04-01 12:00:00+00:00,1262.0,21.033333333333335
0,2025-04-02 10:00:00+00:00,1220.0,20.333333333333332
0,2025-04-02 11:00:00+00:00,659.0,10.983333333333333
0,2025-04-03 09:00:00+00:00,1078.0,17.966666666666665
0,2025-04-03 15:00:00+00:00,592.0,9.866666666666667
0,2025-04-03 17:00:00+00:00,720.0,12.0
0,2025-04-03 18:00:00+00:00,683.0,11.383333333333333
0,2025-04-03 20:00:00+00:00,534.0,8.9
0,2025-04-03 21:00:00+00:00,1150.0,19.166666666666668
0,2025-04-03 22:00:00+00:00,1266.0,21.1
0,2025-04-04 07:00:00+00:00,816.0,13.6
0,2025-04-04 08:00:00+00:00,395.0,6.583333333333333
0,2025-04-04 09:00:00+00:00,944.0,15.733333333333333
0,2025-04-04 11:00:00+00:00,478.0,7.966666666666667
0,2025-04-04 12:00:00+00:00,479.0,7.983333333333333
0,2025-04-04 13:00:00+00:00,550.0,9.166666666666666
0,2025-05-06 14:00:00+00:00,467.0,7.783333333333333
0,2025-05-06 15:00:00+00:00,485.0,8.083333333333334
0,2025-05-06 16:00:00+00:00,421.0,7.016666666666667
0,2025-05-06 17:00:00+00:00,470.0,7.833333333333333
0,2025-05-06 18:00:00+00:00,754.0,12.566666666666666
0,2025-05-06 19:00:00+00:00,0.0,0.0
0,2025-05-06 20:00:00+00:00,408.0,6.8
0,2025-05-06 21:00:00+00:00,276.0,4.6
0,2025-05-06 22:00:00+00:00,233.0,3.8833333333333333
0,2025-06-04 15:00:00+00:00,736.0,12.266666666666667
0,2025-06-04 16:00:00+00:00,520.0,8.666666666666666
0,2025-06-04 17:00:00+00:00,766.0,12.766666666666667
0,2025-06-04 18:00:00+00:00,798.0,13.3
0,2025-06-04 19:00:00+00:00,310.0,5.166666666666667
0,2025-06-04 20:00:00+00:00,708.0,11.8
0,2025-06-04 21:00:00+00:00,280.0,4.666666666666667
0,2025-06-04 22:00:00+00:00,543.0,9.05
0,2025-06-04 23:00:00+00:00,717.0,11.95
0,2025-06-05 00:00:00+00:00,225.0,3.75
0,2025-06-05 01:00:00+00:00,221.0,3.683333333333333
0,2025-06-05 02:00:00+00:00,0.0,0.0
0,2025-06-05 03:00:00+00:00,0.0,0.0
0,2025-06-05 04:00:00+00:00,392.0,6.533333333333333
0,2025-06-05 05:00:00+00:00,440.0,7.333333333333333
0,2025-06-05 06:00:00+00:00,398.0,6.633333333333334
0,2025-06-05 07:00:00+00:00,282.0,4.7
0,2025-06-05 08:00:00+00:00,325.0,5.416666666666667
0,2025-06-05 09:00:00+00:00,353.0,5.883333333333334
0,2025-06-05 11:00:00+00:00,0.0,0.0
0,2025-06-05 12:00:00+00:00,451.0,7.516666666666667
0,2025-06-05 13:00:00+00:00,414.0,6.9
0,2025-06-05 14:00:00+00:00,382.0,6.366666666666666
0,2025-06-05 15:00:00+00:00,467.0,7.783333333333333
0,2025-06-05 16:00:00+00:00,694.0,11.566666666666666
0,2025-06-05 17:00:00+00:00,345.0,5.75
0,2025-07-01 23:00:00+00:00,0.0,0.0
0,2025-07-02 01:00:00+00:00,0.0,0.0
0,2025-07-02 02:00:00+00:00,0.0,0.0
0,2025-07-02 03:00:00+00:00,0.0,0.0
0,2025-07-02 07:00:00+00:00,224.0,3.7333333333333334
0,2025-07-02 08:00:00+00:00,20.0,0.3333333333333333
0,2025-07-02 13:00:00+00:00,0.0,0.0
0,2025-08-04 08:00:00+00:00,678.0,11.3
0,2025-08-04 09:00:00+00:00,912.0,15.2
0,2025-08-04 10:00:00+00:00,885.0,14.75
0,2025-08-04 11:00:00+00:00,846.0,14.1
0,2025-08-04 12:00:00+00:00,939.0,15.65
0,2025-08-04 13:00:00+00:00,1020.0,17.0
0,2025-08-04 14:00:00+00:00,1029.0,17.15
0,2025-08-04 15:00:00+00:00,490.0,8.166666666666666
0,2025-08-04 16:00:00+00:00,704.0,11.733333333333333
0,2025-08-04 17:00:00+00:00,530.0,8.833333333333334
0,2025-08-04 18:00:00+00:00,296.0,4.933333333333334
0,2025-08-04 19:00:00+00:00,235.0,3.9166666666666665
0,2025-08-04 20:00:00+00:00,187.0,3.1166666666666667
0,2025-08-04 21:00:00+00:00,0.0,0.0
0,2025-08-04 22:00:00+00:00,394.0,6.566666666666666
0,2025-08-05 16:00:00+00:00,271.0,4.516666666666667
0,2025-08-05 17:00:00+00:00,275.0,4.583333333333333
0,2025-08-05 18:00:00+00:00,292.0,4.866666666666666
0,2025-08-05 19:00:00+00:00,151.0,2.5166666666666666
0,2025-08-05 21:00:00+00:00,43.0,0.7166666666666667
0,2025-08-05 22:00:00+00:00,52.0,0.8666666666666667
0,2025-09-01 14:00:00+00:00,308.0,5.133333333333334
0,2025-09-01 17:00:00+00:00,556.0,9.266666666666667
0,2025-09-01 18:00:00+00:00,0.0,0.0
0,2025-09-01 20:00:00+00:00,91.0,1.5166666666666666
0,2025-09-01 21:00:00+00:00,183.0,3.05
0,2025-09-01 22:00:00+00:00,0.0,0.0
0,2025-09-01 23:00:00+00:00,177.0,2.95
0,2025-09-02 00:00:00+00:00,96.0,1.6
0,2025-09-02 01:00:00+00:00,102.0,1.7
0,2025-09-02 03:00:00+00:00,66.0,1.1
0,2025-09-02 06:00:00+00:00,197.0,3.283333333333333
0,2025-09-02 07:00:00+00:00,752.0,12.533333333333333
0,2025-09-02 08:00:00+00:00,337.0,5.616666666666666
0,2025-09-02 09:00:00+00:00,802.0,13.366666666666667
0,2025-09-02 10:00:00+00:00,1024.0,17.066666666666666
0,2025-09-02 11:00:00+00:00,986.0,16.433333333333334
0,2025-09-02 12:00:00+00:00,900.0,15.0
0,2025-09-02 13:00:00+00:00,457.0,7.616666666666666
0,2025-09-02 23:00:00+00:00,273.0,4.55
0,2025-09-03 02:00:00+00:00,122.0,2.033333333333333
0,2025-09-03 03:00:00+00:00,86.0,1.4333333333333333
0,2025-09-03 04:00:00+00:00,90.0,1.5
0,2025-09-03 05:00:00+00:00,122.0,2.033333333333333
0,2025-09-03 06:00:00+00:00,286.0,4.766666666666667
0,2025-09-03 07:00:00+00:00,419.0,6.983333333333333
1,2024-08-01 12:00:00+00:00,0.0,0.0
1,2024-08-01 14:00:00+00:00,0.0,0.0
1,2024-08-01 15:00:00+00:00,0.0,0.0
1,2024-08-01 17:00:00+00:00,0.0,0.0
1,2024-08-01 18:00:00+00:00,0.0,0.0
1,2024-08-05 10:00:00+00:00,0.0,0.0
1,2024-09-04 13:00:00+00:00,0.0,0.0
1,2024-09-04 14:00:00+00:00,0.0,0.0
1,2024-09-04 15:00:00+00:00,0.0,0.0
1,2024-09-04 16:00:00+00:00,0.0,0.0
1,2024-09-04 17:00:00+00:00,0.0,0.0
1,2024-09-04 18:00:00+00:00,0.0,0.0
1,2024-09-04 19:00:00+00:00,0.0,0.0
1,2024-09-04 20:00:00+00:00,0.0,0.0
1,2024-09-04 21:00:00+00:00,0.0,0.0
1,2024-09-04 22:00:00+00:00,0.0,0.0
1,2024-10-04 10:00:00+00:00,0.0,0.0
1,2024-10-04 11:00:00+00:00,0.0,0.0
1,2024-10-04 12:00:00+00:00,0.0,0.0
1,2024-10-07 08:00:00+00:00,0.0,0.0
1,2024-10-07 09:00:00+00:00,0.0,0.0
1,2024-10-07 10:00:00+00:00,0.0,0.0
1,2024-10-07 11:00:00+00:00,0.0,0.0
1,2024-10-07 12:00:00+00:00,0.0,0.0
1,2024-12-04 13:00:00+00:00,0.0,0.0
1,2024-12-09 01:00:00+00:00,0.0,0.0
1,2024-12-09 02:00:00+00:00,0.0,0.0
1,2024-12-09 03:00:00+00:00,0.0,0.0
1,2024-12-09 04:00:00+00:00,0.0,0.0
1,2024-12-09 05:00:00+00:00,0.0,0.0
1,2024-12-09 06:00:00+00:00,0.0,0.0
1,2024-12-09 08:00:00+00:00,0.0,0.0
1,2025-01-06 08:00:00+00:00,0.0,0.0
1,2025-01-06 09:00:00+00:00,0.0,0.0
1,2025-01-06 10:00:00+00:00,0.0,0.0
1,2025-01-06 11:00:00+00:00,0.0,0.0
1,2025-01-06 12:00:00+00:00,0.0,0.0
1,2025-01-06 13:00:00+00:00,0.0,0.0
1,2025-01-06 14:00:00+00:00,0.0,0.0
1,2025-01-06 15:00:00+00:00,0.0,0.0
1,2025-01-06 16:00:00+00:00,0.0,0.0
1,2025-02-11 01:00:00+00:00,0.0,0.0
1,2025-02-11 02:00:00+00:00,0.0,0.0
1,2025-02-11 03:00:00+00:00,0.0,0.0
1,2025-02-11 04:00:00+00:00,0.0,0.0
1,2025-02-11 05:00:00+00:00,0.0,0.0
1,2025-02-11 06:00:00+00:00,0.0,0.0
1,2025-02-11 07:00:00+00:00,0.0,0.0
1,2025-02-11 08:00:00+00:00,0.0,0.0
1,2025-03-01 04:00:00+00:00,0.0,0.0
1,2025-03-01 05:00:00+00:00,0.0,0.0
1,2025-03-01 06:00:00+00:00,0.0,0.0
1,2025-03-01 07:00:00+00:00,0.0,0.0
1,2025-03-01 08:00:00+00:00,0.0,0.0
1,2025-03-01 09:00:00+00:00,0.0,0.0
1,2025-03-01 10:00:00+00:00,0.0,0.0
1,2025-03-01 11:00:00+00:00,0.0,0.0
1,2025-03-01 14:00:00+00:00,0.0,0.0
1,2025-03-01 15:00:00+00:00,0.0,0.0
1,2025-03-01 16:00:00+00:00,0.0,0.0
1,2025-03-01 18:00:00+00:00,0.0,0.0
1,2025-03-01 19:00:00+00:00,0.0,0.0
1,2025-03-01 20:00:00+00:00,0.0,0.0
1,2025-03-01 21:00:00+00:00,0.0,0.0
1,2025-03-01 22:00:00+00:00,0.0,0.0
1,2025-03-01 23:00:00+00:00,0.0,0.0
1,2025-04-01 08:00:00+00:00,0.0,0.0
1,2025-04-01 09:00:00+00:00,0.0,0.0
1,2025-04-01 11:00:00+00:00,0.0,0.0
1,2025-04-02 10:00:00+00:00,0.0,0.0
1,2025-04-02 12:00:00+00:00,0.0,0.0
1,2025-04-03 15:00:00+00:00,0.0,0.0
1,2025-04-03 16:00:00+00:00,0.0,0.0
1,2025-04-03 17:00:00+00:00,0.0,0.0
1,2025-04-03 18:00:00+00:00,0.0,0.0
1,2025-04-03 20:00:00+00:00,0.0,0.0
1,2025-04-03 22:00:00+00:00,0.0,0.0
1,2025-04-04 07:00:00+00:00,0.0,0.0
1,2025-04-04 08:00:00+00:00,0.0,0.0
1,2025-04-04 09:00:00+00:00,0.0,0.0
1,2025-04-04 10:00:00+00:00,0.0,0.0
1,2025-04-04 11:00:00+00:00,0.0,0.0
1,2025-04-04 12:00:00+00:00,0.0,0.0
1,2025-04-04 13:00:00+00:00,0.0,0.0
1,2025-05-06 14:00:00+00:00,0.0,0.0
1,2025-05-06 15:00:00+00:00,0.0,0.0
1,2025-05-06 16:00:00+00:00,0.0,0.0
1,2025-05-06 17:00:00+00:00,0.0,0.0
1,2025-05-06 18:00:00+00:00,0.0,0.0
1,2025-05-06 19:00:00+00:00,0.0,0.0
1,2025-05-06 20:00:00+00:00,0.0,0.0
1,2025-05-06 21:00:00+00:00,0.0,0.0
1,2025-06-04 16:00:00+00:00,0.0,0.0
1,2025-06-04 17:00:00+00:00,0.0,0.0
1,2025-06-04 18:00:00+00:00,0.0,0.0
1,2025-06-04 20:00:00+00:00,0.0,0.0
1,2025-06-04 21:00:00+00:00,0.0,0.0
1,2025-06-04 22:00:00+00:00,0.0,0.0
1,2025-06-05 00:00:00+00:00,0.0,0.0
1,2025-06-05 01:00:00+00:00,0.0,0.0
1,2025-06-05 02:00:00+00:00,0.0,0.0
1,2025-06-05 04:00:00+00:00,0.0,0.0
1,2025-06-05 05:00:00+00:00,0.0,0.0
1,2025-06-05 06:00:00+00:00,0.0,0.0
1,2025-06-05 07:00:00+00:00,0.0,0.0
1,2025-06-05 08:00:00+00:00,0.0,0.0
1,2025-06-05 09:00:00+00:00,0.0,0.0
1,2025-06-05 10:00:00+00:00,0.0,0.0
1,2025-06-05 11:00:00+00:00,0.0,0.0
1,2025-06-05 12:00:00+00:00,0.0,0.0
1,2025-06-05 13:00:00+00:00,0.0,0.0
1,2025-06-05 14:00:00+00:00,0.0,0.0
1,2025-06-05 15:00:00+00:00,0.0,0.0
1,2025-06-05 16:00:00+00:00,0.0,0.0
1,2025-06-05 17:00:00+00:00,0.0,0.0
1,2025-08-04 08:00:00+00:00,0.0,0.0
1,2025-08-04 09:00:00+00:00,0.0,0.0
1,2025-08-04 10:00:00+00:00,0.0,0.0
1,2025-08-04 11:00:00+00:00,0.0,0.0
1,2025-08-04 12:00:00+00:00,0.0,0.0
1,2025-08-04 13:00:00+00:00,0.0,0.0
1,2025-08-04 14:00:00+00:00,0.0,0.0
1,2025-08-04 15:00:00+00:00,0.0,0.0
1,2025-08-04 16:00:00+00:00,0.0,0.0
1,2025-08-04 17:00:00+00:00,0.0,0.0
1,2025-08-04 18:00:00+00:00,0.0,0.0
1,2025-08-04 19:00:00+00:00,0.0,0.0
1,2025-08-04 22:00:00+00:00,0.0,0.0
1,2025-09-01 13:00:00+00:00,0.0,0.0
1,2025-09-01 14:00:00+00:00,0.0,0.0
1,2025-09-01 15:00:00+00:00,0.0,0.0
1,2025-09-01 16:00:00+00:00,0.0,0.0
1,2025-09-01 18:00:00+00:00,0.0,0.0
1,2025-09-01 19:00:00+00:00,0.0,0.0
1,2025-09-01 21:00:00+00:00,0.0,0.0
1,2025-09-01 22:00:00+00:00,0.0,0.0
1,2025-09-02 07:00:00+00:00,0.0,0.0
1,2025-09-02 08:00:00+00:00,0.0,0.0
1,2025-09-02 09:00:00+00:00,0.0,0.0
1,2025-09-02 10:00:00+00:00,0.0,0.0
1,2025-09-02 11:00:00+00:00,0.0,0.0
1,2025-09-02 12:00:00+00:00,0.0,0.0
1,2025-09-02 13:00:00+00:00,0.0,0.0
3,2024-08-01 13:00:00+00:00,469.0,7.816666666666666
3,2024-08-01 15:00:00+00:00,485.0,8.083333333333334
3,2024-08-01 16:00:00+00:00,464.0,7.733333333333333
3,2024-08-01 17:00:00+00:00,581.0,9.683333333333334
3,2024-08-01 18:00:00+00:00,574.0,9.566666666666666
3,2024-08-05 10:00:00+00:00,438.0,7.3
3,2024-09-04 13:00:00+00:00,702.0,11.7
3,2024-09-04 14:00:00+00:00,647.0,10.783333333333333
3,2024-09-04 15:00:00+00:00,700.0,11.666666666666666
3,2024-09-04 16:00:00+00:00,704.0,11.733333333333333
3,2024-09-04 17:00:00+00:00,806.0,13.433333333333334
3,2024-09-04 18:00:00+00:00,771.0,12.85
3,2024-09-04 19:00:00+00:00,608.0,10.133333333333333
3,2024-09-04 20:00:00+00:00,468.0,7.8
3,2024-09-04 21:00:00+00:00,428.0,7.133333333333334
3,2024-09-04 22:00:00+00:00,413.0,6.883333333333334
3,2024-10-04 10:00:00+00:00,784.0,13.066666666666666
3,2024-10-04 11:00:00+00:00,814.0,13.566666666666666
3,2024-10-04 12:00:00+00:00,740.0,12.333333333333334
3,2024-10-07 08:00:00+00:00,932.0,15.533333333333333
3,2024-10-07 09:00:00+00:00,793.0,13.216666666666667
3,2024-10-07 10:00:00+00:00,763.0,12.716666666666667
3,2024-10-07 11:00:00+00:00,767.0,12.783333333333333
3,2024-10-07 12:00:00+00:00,741.0,12.35
3,2024-12-04 13:00:00+00:00,776.0,12.933333333333334
3,2024-12-09 00:00:00+00:00,195.0,3.25
3,2024-12-09 01:00:00+00:00,116.0,1.9333333333333333
3,2024-12-09 02:00:00+00:00,77.0,1.2833333333333334
3,2024-12-09 04:00:00+00:00,80.0,1.3333333333333333
3,2024-12-09 05:00:00+00:00,157.0,2.6166666666666667
3,2025-01-06 09:00:00+00:00,868.0,14.466666666666667
3,2025-01-06 10:00:00+00:00,740.0,12.333333333333334
3,2025-01-06 11:00:00+00:00,659.0,10.983333333333333
3,2025-01-06 12:00:00+00:00,619.0,10.316666666666666
3,2025-01-06 13:00:00+00:00,589.0,9.816666666666666
3,2025-01-06 14:00:00+00:00,575.0,9.583333333333334
3,2025-01-06 15:00:00+00:00,535.0,8.916666666666666
3,2025-01-06 16:00:00+00:00,576.0,9.6
3,2025-02-11 00:00:00+00:00,178.0,2.966666666666667
3,2025-02-11 03:00:00+00:00,52.0,0.8666666666666667
3,2025-02-11 04:00:00+00:00,68.0,1.1333333333333333
3,2025-02-11 07:00:00+00:00,755.0,12.583333333333334
3,2025-03-01 03:00:00+00:00,188.0,3.1333333333333333
3,2025-03-01 05:00:00+00:00,130.0,2.1666666666666665
3,2025-03-01 08:00:00+00:00,273.0,4.55
3,2025-03-01 09:00:00+00:00,427.0,7.116666666666666
3,2025-03-01 10:00:00+00:00,435.0,7.25
3,2025-03-01 12:00:00+00:00,593.0,9.883333333333333
3,2025-03-01 15:00:00+00:00,573.0,9.55
3,2025-03-01 16:00:00+00:00,467.0,7.783333333333333
3,2025-03-01 17:00:00+00:00,469.0,7.816666666666666
3,2025-03-01 18:00:00+00:00,450.0,7.5
3,2025-03-01 20:00:00+00:00,517.0,8.616666666666667
3,2025-03-01 21:00:00+00:00,501.0,8.35
3,2025-03-01 22:00:00+00:00,414.0,6.9
3,2025-04-01 09:00:00+00:00,725.0,12.083333333333334
3,2025-04-01 10:00:00+00:00,0.0,0.0
3,2025-04-01 11:00:00+00:00,737.0,12.283333333333333
3,2025-04-02 10:00:00+00:00,795.0,13.25
3,2025-04-02 11:00:00+00:00,759.0,12.65
3,2025-04-02 12:00:00+00:00,735.0,12.25
3,2025-04-03 09:00:00+00:00,797.0,13.283333333333333
3,2025-04-03 16:00:00+00:00,700.0,11.666666666666666
3,2025-04-03 17:00:00+00:00,764.0,12.733333333333333
3,2025-04-03 18:00:00+00:00,800.0,13.333333333333334
3,2025-04-03 20:00:00+00:00,510.0,8.5
3,2025-04-03 21:00:00+00:00,407.0,6.783333333333333
3,2025-04-03 22:00:00+00:00,417.0,6.95
3,2025-04-04 13:00:00+00:00,758.0,12.633333333333333
3,2025-05-06 16:00:00+00:00,634.0,10.566666666666666
3,2025-05-06 19:00:00+00:00,0.0,0.0
3,2025-05-06 22:00:00+00:00,334.0,5.566666666666666
3,2025-06-04 17:00:00+00:00,764.0,12.733333333333333
3,2025-06-04 18:00:00+00:00,805.0,13.416666666666666
3,2025-06-04 19:00:00+00:00,604.0,10.066666666666666
3,2025-06-04 21:00:00+00:00,344.0,5.733333333333333
3,2025-06-04 22:00:00+00:00,418.0,6.966666666666667
3,2025-06-04 23:00:00+00:00,331.0,5.516666666666667
3,2025-06-05 02:00:00+00:00,59.0,0.9833333333333333
3,2025-06-05 03:00:00+00:00,62.0,1.0333333333333334
3,2025-06-05 06:00:00+00:00,806.0,13.433333333333334
3,2025-06-05 07:00:00+00:00,1014.0,16.9
3,2025-06-05 13:00:00+00:00,662.0,11.033333333333333
3,2025-06-05 15:00:00+00:00,703.0,11.716666666666667
3,2025-06-05 16:00:00+00:00,775.0,12.916666666666666
3,2025-06-05 17:00:00+00:00,668.0,11.133333333333333
3,2025-08-04 08:00:00+00:00,591.0,9.85
3,2025-08-04 09:00:00+00:00,524.0,8.733333333333333
3,2025-08-04 10:00:00+00:00,516.0,8.6
3,2025-08-04 11:00:00+00:00,534.0,8.9
3,2025-08-04 12:00:00+00:00,457.0,7.616666666666666
3,2025-08-04 13:00:00+00:00,454.0,7.566666666666666
3,2025-08-04 14:00:00+00:00,418.0,6.966666666666667
3,2025-08-04 15:00:00+00:00,449.0,7.483333333333333
3,2025-08-04 16:00:00+00:00,435.0,7.25
3,2025-08-04 18:00:00+00:00,407.0,6.783333333333333
3,2025-08-04 22:00:00+00:00,225.0,3.75
3,2025-09-01 16:00:00+00:00,576.0,9.6
3,2025-09-01 17:00:00+00:00,622.0,10.366666666666667
3,2025-09-01 19:00:00+00:00,0.0,0.0
3,2025-09-01 20:00:00+00:00,375.0,6.25
3,2025-09-02 08:00:00+00:00,904.0,15.066666666666666
3,2025-09-02 12:00:00+00:00,699.0,11.65
4,2024-08-01 12:00:00+00:00,0.0,0.0
4,2024-08-01 15:00:00+00:00,0.0,0.0
4,2024-09-04 13:00:00+00:00,0.0,0.0
4,2024-09-04 14:00:00+00:00,0.0,0.0
4,2024-09-04 15:00:00+00:00,0.0,0.0
4,2024-09-04 16:00:00+00:00,0.0,0.0
4,2024-09-04 17:00:00+00:00,0.0,0.0
4,2024-09-04 18:00:00+00:00,0.0,0.0
4,2024-09-04 19:00:00+00:00,0.0,0.0
4,2024-09-04 20:00:00+00:00,0.0,0.0
4,2024-09-04 21:00:00+00:00,0.0,0.0
4,2024-09-04 22:00:00+00:00,0.0,0.0
4,2024-10-04 10:00:00+00:00,0.0,0.0
4,2024-10-04 11:00:00+00:00,0.0,0.0
4,2024-10-04 12:00:00+00:00,0.0,0.0
4,2024-10-07 08:00:00+00:00,0.0,0.0
4,2024-10-07 09:00:00+00:00,0.0,0.0
4,2024-10-07 10:00:00+00:00,0.0,0.0
4,2024-10-07 11:00:00+00:00,0.0,0.0
4,2024-10-07 12:00:00+00:00,0.0,0.0
4,2024-12-04 13:00:00+00:00,0.0,0.0
4,2024-12-09 02:00:00+00:00,0.0,0.0
4,2024-12-09 04:00:00+00:00,0.0,0.0
4,2024-12-09 07:00:00+00:00,0.0,0.0
4,2024-12-09 08:00:00+00:00,0.0,0.0
4,2025-01-06 08:00:00+00:00,0.0,0.0
4,2025-01-06 09:00:00+00:00,0.0,0.0
4,2025-01-06 10:00:00+00:00,0.0,0.0
4,2025-01-06 11:00:00+00:00,0.0,0.0
4,2025-01-06 12:00:00+00:00,0.0,0.0
4,2025-01-06 13:00:00+00:00,0.0,0.0
4,2025-01-06 14:00:00+00:00,0.0,0.0
4,2025-01-06 15:00:00+00:00,0.0,0.0
4,2025-01-06 16:00:00+00:00,0.0,0.0
4,2025-02-11 03:00:00+00:00,0.0,0.0
4,2025-02-11 04:00:00+00:00,0.0,0.0
4,2025-02-11 05:00:00+00:00,0.0,0.0
4,2025-02-11 08:00:00+00:00,0.0,0.0
4,2025-03-01 04:00:00+00:00,0.0,0.0
4,2025-03-01 07:00:00+00:00,0.0,0.0
4,2025-03-01 08:00:00+00:00,0.0,0.0
4,2025-03-01 10:00:00+00:00,0.0,0.0
4,2025-03-01 12:00:00+00:00,0.0,0.0
4,2025-03-01 13:00:00+00:00,0.0,0.0
4,2025-03-01 14:00:00+00:00,0.0,0.0
4,2025-04-01 08:00:00+00:00,0.0,0.0
4,2025-04-01 12:00:00+00:00,0.0,0.0
4,2025-04-02 10:00:00+00:00,0.0,0.0
4,2025-04-02 11:00:00+00:00,0.0,0.0
4,2025-04-02 12:00:00+00:00,0.0,0.0
4,2025-04-03 18:00:00+00:00,0.0,0.0
4,2025-04-03 21:00:00+00:00,0.0,0.0
4,2025-04-04 09:00:00+00:00,0.0,0.0
4,2025-04-04 10:00:00+00:00,0.0,0.0
4,2025-04-04 11:00:00+00:00,0.0,0.0
4,2025-04-04 12:00:00+00:00,0.0,0.0
4,2025-05-06 15:00:00+00:00,0.0,0.0
4,2025-05-06 18:00:00+00:00,0.0,0.0
4,2025-05-06 20:00:00+00:00,0.0,0.0
4,2025-05-06 22:00:00+00:00,0.0,0.0
4,2025-06-04 15:00:00+00:00,0.0,0.0
4,2025-06-04 18:00:00+00:00,0.0,0.0
4,2025-06-04 19:00:00+00:00,0.0,0.0
4,2025-06-04 20:00:00+00:00,0.0,0.0
4,2025-06-04 21:00:00+00:00,0.0,0.0
4,2025-06-04 22:00:00+00:00,0.0,0.0
4,2025-06-05 00:00:00+00:00,0.0,0.0
4,2025-06-05 02:00:00+00:00,0.0,0.0
4,2025-06-05 04:00:00+00:00,0.0,0.0
4,2025-06-05 08:00:00+00:00,0.0,0.0
4,2025-06-05 12:00:00+00:00,0.0,0.0
4,2025-06-05 14:00:00+00:00,0.0,0.0
4,2025-06-05 16:00:00+00:00,0.0,0.0
4,2025-08-04 08:00:00+00:00,0.0,0.0
4,2025-08-04 09:00:00+00:00,0.0,0.0
4,2025-08-04 10:00:00+00:00,0.0,0.0
4,2025-08-04 11:00:00+00:00,0.0,0.0
4,2025-08-04 12:00:00+00:00,0.0,0.0
4,2025-08-04 13:00:00+00:00,0.0,0.0
4,2025-08-04 14:00:00+00:00,0.0,0.0
4,2025-08-04 16:00:00+00:00,0.0,0.0
4,2025-08-04 17:00:00+00:00,0.0,0.0
4,2025-08-04 18:00:00+00:00,0.0,0.0
4,2025-08-04 22:00:00+00:00,0.0,0.0
4,2025-09-01 15:00:00+00:00,0.0,0.0
4,2025-09-01 18:00:00+00:00,0.0,0.0
4,2025-09-01 19:00:00+00:00,0.0,0.0
4,2025-09-01 20:00:00+00:00,0.0,0.0
4,2025-09-01 22:00:00+00:00,0.0,0.0
4,2025-09-02 07:00:00+00:00,0.0,0.0
4,2025-09-02 09:00:00+00:00,0.0,0.0
4,2025-09-02 10:00:00+00:00,0.0,0.0
4,2025-09-02 11:00:00+00:00,0.0,0.0
4,2025-09-02 13:00:00+00:00,0.0,0.0
5,2024-08-01 12:00:00+00:00,0.0,0.0
5,2024-08-01 14:00:00+00:00,0.0,0.0
5,2024-08-01 15:00:00+00:00,0.0,0.0
5,2024-08-01 16:00:00+00:00,0.0,0.0
5,2024-08-01 17:00:00+00:00,0.0,0.0
5,2024-08-05 10:00:00+00:00,0.0,0.0
5,2024-09-04 13:00:00+00:00,0.0,0.0
5,2024-09-04 14:00:00+00:00,0.0,0.0
5,2024-09-04 15:00:00+00:00,0.0,0.0
5,2024-09-04 16:00:00+00:00,0.0,0.0
5,2024-09-04 17:00:00+00:00,0.0,0.0
5,2024-09-04 18:00:00+00:00,0.0,0.0
5,2024-09-04 19:00:00+00:00,0.0,0.0
5,2024-09-04 20:00:00+00:00,0.0,0.0
5,2024-09-04 21:00:00+00:00,0.0,0.0
5,2024-09-04 22:00:00+00:00,0.0,0.0
5,2024-10-04 10:00:00+00:00,0.0,0.0
5,2024-10-04 11:00:00+00:00,0.0,0.0
5,2024-10-04 12:00:00+00:00,0.0,0.0
5,2024-10-07 08:00:00+00:00,0.0,0.0
5,2024-10-07 09:00:00+00:00,0.0,0.0
5,2024-10-07 10:00:00+00:00,0.0,0.0
5,2024-10-07 11:00:00+00:00,0.0,0.0
5,2024-10-07 12:00:00+00:00,0.0,0.0
5,2024-12-04 13:00:00+00:00,0.0,0.0
5,2024-12-09 00:00:00+00:00,0.0,0.0
5,2024-12-09 01:00:00+00:00,0.0,0.0
5,2024-12-09 02:00:00+00:00,0.0,0.0
5,2024-12-09 03:00:00+00:00,0.0,0.0
5,2024-12-09 05:00:00+00:00,0.0,0.0
5,2024-12-09 06:00:00+00:00,0.0,0.0
5,2024-12-09 08:00:00+00:00,0.0,0.0
5,2025-01-06 08:00:00+00:00,0.0,0.0
5,2025-01-06 09:00:00+00:00,0.0,0.0
5,2025-01-06 10:00:00+00:00,0.0,0.0
5,2025-01-06 11:00:00+00:00,0.0,0.0
5,2025-01-06 12:00:00+00:00,0.0,0.0
5,2025-01-06 13:00:00+00:00,0.0,0.0
5,2025-01-06 14:00:00+00:00,0.0,0.0
5,2025-01-06 15:00:00+00:00,0.0,0.0
5,2025-01-06 16:00:00+00:00,0.0,0.0
5,2025-02-11 00:00:00+00:00,0.0,0.0
5,2025-02-11 01:00:00+00:00,0.0,0.0
5,2025-02-11 02:00:00+00:00,0.0,0.0
5,2025-02-11 03:00:00+00:00,0.0,0.0
5,2025-02-11 04:00:00+00:00,0.0,0.0
5,2025-02-11 05:00:00+00:00,0.0,0.0
5,2025-02-11 06:00:00+00:00,0.0,0.0
5,2025-02-11 07:00:00+00:00,0.0,0.0
5,2025-02-11 08:00:00+00:00,0.0,0.0
5,2025-03-01 03:00:00+00:00,540.0,9.0
5,2025-03-01 04:00:00+00:00,382.0,6.366666666666666
5,2025-03-01 06:00:00+00:00,590.0,9.833333333333334
5,2025-03-01 07:00:00+00:00,1474.0,24.566666666666666
5,2025-03-01 08:00:00+00:00,1708.0,28.466666666666665
5,2025-03-01 09:00:00+00:00,2982.0,49.7
5,2025-03-01 10:00:00+00:00,1116.0,18.6
5,2025-03-01 11:00:00+00:00,1081.0,18.016666666666666
5,2025-03-01 12:00:00+00:00,2390.0,39.833333333333336
5,2025-03-01 14:00:00+00:00,1053.0,17.55
5,2025-03-01 15:00:00+00:00,1018.0,16.966666666666665
5,2025-03-01 16:00:00+00:00,1169.0,19.483333333333334
5,2025-03-01 17:00:00+00:00,1088.0,18.133333333333333
5,2025-03-01 18:00:00+00:00,998.0,16.633333333333333
5,2025-03-01 20:00:00+00:00,1750.0,29.166666666666668
5,2025-03-01 21:00:00+00:00,870.0,14.5
5,2025-03-01 22:00:00+00:00,871.0,14.516666666666667
5,2025-03-01 23:00:00+00:00,776.0,12.933333333333334
5,2025-04-01 08:00:00+00:00,4428.0,73.8
5,2025-04-01 09:00:00+00:00,1247.0,20.783333333333335
5,2025-04-01 10:00:00+00:00,0.0,0.0
5,2025-04-01 11:00:00+00:00,1455.0,24.25
5,2025-04-01 12:00:00+00:00,1180.0,19.666666666666668
5,2025-04-02 10:00:00+00:00,0.0,0.0
5,2025-04-03 09:00:00+00:00,3426.0,57.1
5,2025-04-03 15:00:00+00:00,3351.0,55.85
5,2025-04-03 16:00:00+00:00,1810.0,30.166666666666668
5,2025-04-03 17:00:00+00:00,2434.0,40.56666666666667
5,2025-04-03 18:00:00+00:00,1132.0,18.866666666666667
5,2025-04-03 19:00:00+00:00,2136.0,35.6
5,2025-04-03 20:00:00+00:00,846.0,14.1
5,2025-04-03 21:00:00+00:00,1684.0,28.066666666666666
5,2025-04-03 22:00:00+00:00,1514.0,25.233333333333334
5,2025-04-04 07:00:00+00:00,1190.0,19.833333333333332
5,2025-04-04 08:00:00+00:00,2348.0,39.13333333333333
5,2025-04-04 09:00:00+00:00,1082.0,18.033333333333335
5,2025-04-04 11:00:00+00:00,1052.0,17.533333333333335
5,2025-04-04 12:00:00+00:00,1031.0,17.183333333333334
5,2025-04-04 13:00:00+00:00,1754.0,29.233333333333334
5,2025-05-06 14:00:00+00:00,987.0,16.45
5,2025-05-06 15:00:00+00:00,967.0,16.116666666666667
5,2025-05-06 16:00:00+00:00,1042.0,17.366666666666667
5,2025-05-06 17:00:00+00:00,1033.0,17.216666666666665
5,2025-05-06 18:00:00+00:00,948.0,15.8
5,2025-05-06 19:00:00+00:00,0.0,0.0
5,2025-05-06 20:00:00+00:00,2187.0,36.45
5,2025-05-06 21:00:00+00:00,712.0,11.866666666666667
5,2025-05-06 22:00:00+00:00,615.0,10.25
5,2025-06-04 16:00:00+00:00,1640.0,27.333333333333332
5,2025-06-04 17:00:00+00:00,1912.0,31.866666666666667
5,2025-06-04 18:00:00+00:00,854.0,14.233333333333333
5,2025-06-04 20:00:00+00:00,664.0,11.066666666666666
5,2025-06-04 21:00:00+00:00,1200.0,20.0
5,2025-06-05 00:00:00+00:00,1110.0,18.5
5,2025-06-05 01:00:00+00:00,726.0,12.1
5,2025-06-05 02:00:00+00:00,278.0,4.633333333333334
5,2025-06-05 03:00:00+00:00,286.0,4.766666666666667
5,2025-06-05 04:00:00+00:00,516.0,8.6
5,2025-06-05 05:00:00+00:00,1044.0,17.4
5,2025-06-05 06:00:00+00:00,1080.0,18.0
5,2025-06-05 07:00:00+00:00,2552.0,42.53333333333333
5,2025-06-05 08:00:00+00:00,2216.0,36.93333333333333
5,2025-06-05 09:00:00+00:00,2904.0,48.4
5,2025-06-05 10:00:00+00:00,986.0,16.433333333333334
5,2025-06-05 11:00:00+00:00,3645.0,60.75
5,2025-06-05 13:00:00+00:00,2430.0,40.5
5,2025-06-05 14:00:00+00:00,1962.0,32.7
5,2025-06-05 15:00:00+00:00,855.0,14.25
5,2025-06-05 17:00:00+00:00,1648.0,27.466666666666665
5,2025-08-04 08:00:00+00:00,3420.0,57.0
5,2025-08-04 09:00:00+00:00,2862.0,47.7
5,2025-08-04 10:00:00+00:00,2700.0,45.0
5,2025-08-04 11:00:00+00:00,3336.0,55.6
5,2025-08-04 12:00:00+00:00,2715.0,45.25
5,2025-08-04 13:00:00+00:00,2634.0,43.9
5,2025-08-04 14:00:00+00:00,2190.0,36.5
5,2025-08-04 15:00:00+00:00,1444.0,24.066666666666666
5,2025-08-04 16:00:00+00:00,775.0,12.916666666666666
5,2025-08-04 17:00:00+00:00,1782.0,29.7
5,2025-08-04 18:00:00+00:00,1524.0,25.4
5,2025-08-04 19:00:00+00:00,750.0,12.5
5,2025-08-04 20:00:00+00:00,622.0,10.366666666666667
5,2025-08-04 21:00:00+00:00,564.0,9.4
5,2025-08-04 22:00:00+00:00,972.0,16.2
5,2025-09-02 07:00:00+00:00,1108.0,18.466666666666665
5,2025-09-02 08:00:00+00:00,2210.0,36.833333333333336
5,2025-09-02 10:00:00+00:00,1063.0,17.716666666666665
5,2025-09-02 11:00:00+00:00,957.0,15.95
5,2025-09-02 12:00:00+00:00,1942.0,32.36666666666667
5,2025-09-02 13:00:00+00:00,1876.0,31.266666666666666
5,2025-09-02 23:00:00+00:00,1012.0,16.866666666666667
5,2025-09-03 00:00:00+00:00,332.0,5.533333333333333
5,2025-09-03 01:00:00+00:00,309.0,5.15
5,2025-09-03 02:00:00+00:00,212.0,3.533333333333333
5,2025-09-03 04:00:00+00:00,487.0,8.116666666666667
5,2025-09-03 06:00:00+00:00,1348.0,22.466666666666665
5,2025-09-03 07:00:00+00:00,2920.0,48.666666666666664
6,2024-08-01 12:00:00+00:00,482.0,8.033333333333333
6,2024-08-01 13:00:00+00:00,507.0,8.45
6,2024-08-01 14:00:00+00:00,496.0,8.266666666666667
6,2024-08-01 15:00:00+00:00,462.0,7.7
6,2024-08-01 16:00:00+00:00,986.0,16.433333333333334
6,2024-08-01 17:00:00+00:00,495.0,8.25
6,2024-08-01 18:00:00+00:00,494.0,8.233333333333333
6,2024-08-05 10:00:00+00:00,341.0,5.683333333333334
6,2024-09-04 13:00:00+00:00,1264.0,21.066666666666666
6,2024-09-04 14:00:00+00:00,1190.0,19.833333333333332
6,2024-09-04 15:00:00+00:00,1118.0,18.633333333333333
6,2024-09-04 16:00:00+00:00,1246.0,20.766666666666666
6,2024-09-04 17:00:00+00:00,1240.0,20.666666666666668
6,2024-09-04 18:00:00+00:00,1324.0,22.066666666666666
6,2024-09-04 19:00:00+00:00,1068.0,17.8
6,2024-09-04 20:00:00+00:00,802.0,13.366666666666667
6,2024-09-04 21:00:00+00:00,644.0,10.733333333333333
6,2024-09-04 22:00:00+00:00,550.0,9.166666666666666
6,2024-10-04 10:00:00+00:00,0.0,0.0
6,2024-10-04 11:00:00+00:00,0.0,0.0
6,2024-10-04 12:00:00+00:00,0.0,0.0
6,2024-10-07 08:00:00+00:00,0.0,0.0
6,2024-10-07 09:00:00+00:00,0.0,0.0
6,2024-10-07 10:00:00+00:00,0.0,0.0
6,2024-10-07 11:00:00+00:00,0.0,0.0
6,2024-10-07 12:00:00+00:00,0.0,0.0
6,2024-12-04 13:00:00+00:00,872.0,14.533333333333333
6,2024-12-09 00:00:00+00:00,182.0,3.033333333333333
6,2024-12-09 01:00:00+00:00,49.0,0.8166666666666667
6,2024-12-09 02:00:00+00:00,0.0,0.0
6,2024-12-09 03:00:00+00:00,20.0,0.3333333333333333
6,2024-12-09 04:00:00+00:00,0.0,0.0
6,2024-12-09 05:00:00+00:00,104.0,1.7333333333333334
6,2024-12-09 06:00:00+00:00,130.0,2.1666666666666665
6,2024-12-09 07:00:00+00:00,590.0,9.833333333333334
6,2024-12-09 08:00:00+00:00,1084.0,18.066666666666666
6,2025-01-06 08:00:00+00:00,496.0,8.266666666666667
6,2025-01-06 09:00:00+00:00,980.0,16.333333333333332
6,2025-01-06 10:00:00+00:00,846.0,14.1
6,2025-01-06 11:00:00+00:00,750.0,12.5
6,2025-01-06 12:00:00+00:00,730.0,12.166666666666666
6,2025-01-06 13:00:00+00:00,722.0,12.033333333333333
6,2025-01-06 14:00:00+00:00,814.0,13.566666666666666
6,2025-01-06 15:00:00+00:00,790.0,13.166666666666666
6,2025-01-06 16:00:00+00:00,854.0,14.233333333333333
6,2025-02-11 00:00:00+00:00,0.0,0.0
6,2025-02-11 01:00:00+00:00,0.0,0.0
6,2025-02-11 02:00:00+00:00,39.0,0.65
6,2025-02-11 03:00:00+00:00,24.0,0.4
6,2025-02-11 04:00:00+00:00,0.0,0.0
6,2025-02-11 05:00:00+00:00,41.0,0.6833333333333333
6,2025-02-11 06:00:00+00:00,109.0,1.8166666666666667
6,2025-02-11 07:00:00+00:00,0.0,0.0
6,2025-02-11 08:00:00+00:00,430.0,7.166666666666667
6,2025-03-01 03:00:00+00:00,61.0,1.0166666666666666
6,2025-03-01 04:00:00+00:00,116.0,1.9333333333333333
6,2025-03-01 05:00:00+00:00,54.0,0.9
6,2025-03-01 06:00:00+00:00,50.0,0.8333333333333334
6,2025-03-01 07:00:00+00:00,98.0,1.6333333333333333
6,2025-03-01 08:00:00+00:00,250.0,4.166666666666667
6,2025-03-01 09:00:00+00:00,380.0,6.333333333333333
6,2025-03-01 10:00:00+00:00,392.0,6.533333333333333
6,2025-03-01 11:00:00+00:00,287.0,4.783333333333333
6,2025-03-01 12:00:00+00:00,296.0,4.933333333333334
6,2025-03-01 13:00:00+00:00,269.0,4.483333333333333
6,2025-03-01 14:00:00+00:00,336.0,5.6
6,2025-03-01 15:00:00+00:00,614.0,10.233333333333333
6,2025-03-01 16:00:00+00:00,0.0,0.0
6,2025-03-01 17:00:00+00:00,596.0,9.933333333333334
6,2025-03-01 18:00:00+00:00,279.0,4.65
6,2025-03-01 19:00:00+00:00,273.0,4.55
6,2025-03-01 20:00:00+00:00,0.0,0.0
6,2025-03-01 21:00:00+00:00,251.0,4.183333333333334
6,2025-03-01 22:00:00+00:00,211.0,3.5166666666666666
6,2025-03-01 23:00:00+00:00,269.0,4.483333333333333
6,2025-04-01 08:00:00+00:00,474.0,7.9
6,2025-04-01 09:00:00+00:00,512.0,8.533333333333333
6,2025-04-01 10:00:00+00:00,0.0,0.0
6,2025-04-01 11:00:00+00:00,948.0,15.8
6,2025-04-01 12:00:00+00:00,0.0,0.0
6,2025-04-02 10:00:00+00:00,445.0,7.416666666666667
6,2025-04-02 11:00:00+00:00,442.0,7.366666666666666
6,2025-04-02 12:00:00+00:00,458.0,7.633333333333334
6,2025-04-03 09:00:00+00:00,483.0,8.05
6,2025-04-03 15:00:00+00:00,381.0,6.35
6,2025-04-03 16:00:00+00:00,476.0,7.933333333333334
6,2025-04-03 17:00:00+00:00,1008.0,16.8
6,2025-04-03 18:00:00+00:00,403.0,6.716666666666667
6,2025-04-03 19:00:00+00:00,0.0,0.0
6,2025-04-03 20:00:00+00:00,582.0,9.7
6,2025-04-03 21:00:00+00:00,232.0,3.8666666666666667
6,2025-04-03 22:00:00+00:00,217.0,3.6166666666666667
6,2025-04-04 07:00:00+00:00,465.0,7.75
6,2025-04-04 08:00:00+00:00,477.0,7.95
6,2025-04-04 09:00:00+00:00,894.0,14.9
6,2025-04-04 11:00:00+00:00,469.0,7.816666666666666
6,2025-04-04 12:00:00+00:00,424.0,7.066666666666666
6,2025-04-04 13:00:00+00:00,894.0,14.9
6,2025-05-06 14:00:00+00:00,234.0,3.9
6,2025-05-06 15:00:00+00:00,252.0,4.2
6,2025-05-06 16:00:00+00:00,303.0,5.05
6,2025-05-06 17:00:00+00:00,286.0,4.766666666666667
6,2025-05-06 18:00:00+00:00,494.0,8.233333333333333
6,2025-05-06 19:00:00+00:00,281.0,4.683333333333334
6,2025-05-06 20:00:00+00:00,0.0,0.0
6,2025-05-06 21:00:00+00:00,82.0,1.3666666666666667
6,2025-05-06 22:00:00+00:00,122.0,2.033333333333333
6,2025-06-04 15:00:00+00:00,130.0,2.1666666666666665
6,2025-06-04 16:00:00+00:00,370.0,6.166666666666667
6,2025-06-04 17:00:00+00:00,0.0,0.0
6,2025-06-04 18:00:00+00:00,265.0,4.416666666666667
6,2025-06-04 19:00:00+00:00,290.0,4.833333333333333
6,2025-06-04 20:00:00+00:00,0.0,0.0
6,2025-06-04 21:00:00+00:00,218.0,3.6333333333333333
6,2025-06-04 22:00:00+00:00,207.0,3.45
6,2025-06-04 23:00:00+00:00,306.0,5.1
6,2025-06-05 00:00:00+00:00,75.0,1.25
6,2025-06-05 01:00:00+00:00,39.0,0.65
6,2025-06-05 02:00:00+00:00,76.0,1.2666666666666666
6,2025-06-05 03:00:00+00:00,42.0,0.7
6,2025-06-05 04:00:00+00:00,54.0,0.9
6,2025-06-05 05:00:00+00:00,68.0,1.1333333333333333
6,2025-06-05 06:00:00+00:00,79.0,1.3166666666666667
6,2025-06-05 07:00:00+00:00,360.0,6.0
6,2025-06-05 08:00:00+00:00,150.0,2.5
6,2025-06-05 09:00:00+00:00,110.0,1.8333333333333333
6,2025-06-05 10:00:00+00:00,137.0,2.283333333333333
6,2025-06-05 11:00:00+00:00,129.0,2.15
6,2025-06-05 12:00:00+00:00,133.0,2.216666666666667
6,2025-06-05 13:00:00+00:00,0.0,0.0
6,2025-06-05 14:00:00+00:00,85.0,1.4166666666666667
6,2025-06-05 15:00:00+00:00,0.0,0.0
6,2025-06-05 16:00:00+00:00,0.0,0.0
6,2025-06-05 17:00:00+00:00,86.0,1.4333333333333333
6,2025-08-04 08:00:00+00:00,0.0,0.0
6,2025-08-04 09:00:00+00:00,0.0,0.0
6,2025-08-04 10:00:00+00:00,0.0,0.0
6,2025-08-04 11:00:00+00:00,0.0,0.0
6,2025-08-04 12:00:00+00:00,0.0,0.0
6,2025-08-04 13:00:00+00:00,0.0,0.0
6,2025-08-04 14:00:00+00:00,0.0,0.0
6,2025-08-04 15:00:00+00:00,0.0,0.0
6,2025-08-04 16:00:00+00:00,0.0,0.0
6,2025-08-04 17:00:00+00:00,0.0,0.0
6,2025-08-04 18:00:00+00:00,0.0,0.0
6,2025-08-04 19:00:00+00:00,0.0,0.0
6,2025-08-04 20:00:00+00:00,0.0,0.0
6,2025-08-04 21:00:00+00:00,0.0,0.0
6,2025-08-04 22:00:00+00:00,0.0,0.0
6,2025-09-01 13:00:00+00:00,0.0,0.0
6,2025-09-01 14:00:00+00:00,0.0,0.0
6,2025-09-01 15:00:00+00:00,0.0,0.0
6,2025-09-01 16:00:00+00:00,0.0,0.0
6,2025-09-01 17:00:00+00:00,0.0,0.0
6,2025-09-01 18:00:00+00:00,0.0,0.0
6,2025-09-01 20:00:00+00:00,0.0,0.0
6,2025-09-01 21:00:00+00:00,0.0,0.0
6,2025-09-01 22:00:00+00:00,0.0,0.0
6,2025-09-02 07:00:00+00:00,0.0,0.0
6,2025-09-02 08:00:00+00:00,0.0,0.0
6,2025-09-02 09:00:00+00:00,0.0,0.0
6,2025-09-02 10:00:00+00:00,0.0,0.0
6,2025-09-02 11:00:00+00:00,0.0,0.0
6,2025-09-02 12:00:00+00:00,0.0,0.0
6,2025-09-02 13:00:00+00:00,0.0,0.0
7,2024-08-01 13:00:00+00:00,0.0,0.0
7,2024-08-01 15:00:00+00:00,0.0,0.0
7,2024-09-04 13:00:00+00:00,0.0,0.0
7,2024-09-04 14:00:00+00:00,0.0,0.0
7,2024-09-04 15:00:00+00:00,0.0,0.0
7,2024-09-04 16:00:00+00:00,0.0,0.0
7,2024-09-04 17:00:00+00:00,0.0,0.0
7,2024-09-04 18:00:00+00:00,0.0,0.0
7,2024-09-04 19:00:00+00:00,0.0,0.0
7,2024-09-04 20:00:00+00:00,0.0,0.0
7,2024-09-04 21:00:00+00:00,0.0,0.0
7,2024-09-04 22:00:00+00:00,0.0,0.0
7,2024-10-04 10:00:00+00:00,0.0,0.0
7,2024-10-07 08:00:00+00:00,0.0,0.0
7,2024-10-07 09:00:00+00:00,0.0,0.0
7,2024-10-07 10:00:00+00:00,0.0,0.0
7,2024-10-07 11:00:00+00:00,0.0,0.0
7,2024-10-07 12:00:00+00:00,0.0,0.0
7,2024-12-09 01:00:00+00:00,0.0,0.0
7,2024-12-09 04:00:00+00:00,0.0,0.0
7,2024-12-09 05:00:00+00:00,0.0,0.0
7,2024-12-09 07:00:00+00:00,0.0,0.0
7,2025-01-06 08:00:00+00:00,0.0,0.0
7,2025-01-06 09:00:00+00:00,0.0,0.0
7,2025-01-06 10:00:00+00:00,0.0,0.0
7,2025-01-06 11:00:00+00:00,0.0,0.0
7,2025-01-06 12:00:00+00:00,0.0,0.0
7,2025-01-06 13:00:00+00:00,0.0,0.0
7,2025-01-06 14:00:00+00:00,0.0,0.0
7,2025-01-06 15:00:00+00:00,0.0,0.0
7,2025-01-06 16:00:00+00:00,0.0,0.0
7,2025-02-11 00:00:00+00:00,0.0,0.0
7,2025-02-11 03:00:00+00:00,0.0,0.0
7,2025-02-11 05:00:00+00:00,0.0,0.0
7,2025-02-11 06:00:00+00:00,0.0,0.0
7,2025-02-11 07:00:00+00:00,0.0,0.0
7,2025-02-11 08:00:00+00:00,0.0,0.0
7,2025-03-01 07:00:00+00:00,0.0,0.0
7,2025-03-01 08:00:00+00:00,0.0,0.0
7,2025-03-01 09:00:00+00:00,0.0,0.0
7,2025-03-01 10:00:00+00:00,0.0,0.0
7,2025-03-01 12:00:00+00:00,0.0,0.0
7,2025-03-01 14:00:00+00:00,0.0,0.0
7,2025-03-01 15:00:00+00:00,0.0,0.0
7,2025-03-01 16:00:00+00:00,0.0,0.0
7,2025-03-01 17:00:00+00:00,0.0,0.0
7,2025-03-01 19:00:00+00:00,0.0,0.0
7,2025-04-01 08:00:00+00:00,0.0,0.0
7,2025-04-01 10:00:00+00:00,0.0,0.0
7,2025-04-01 11:00:00+00:00,0.0,0.0
7,2025-04-01 12:00:00+00:00,0.0,0.0
7,2025-04-02 10:00:00+00:00,0.0,0.0
7,2025-04-02 11:00:00+00:00,0.0,0.0
7,2025-04-02 12:00:00+00:00,0.0,0.0
7,2025-04-03 16:00:00+00:00,0.0,0.0
7,2025-04-03 17:00:00+00:00,0.0,0.0
7,2025-04-03 18:00:00+00:00,0.0,0.0
7,2025-04-03 19:00:00+00:00,0.0,0.0
7,2025-04-03 20:00:00+00:00,0.0,0.0
7,2025-04-03 21:00:00+00:00,0.0,0.0
7,2025-04-03 22:00:00+00:00,0.0,0.0
7,2025-04-04 09:00:00+00:00,0.0,0.0
7,2025-04-04 10:00:00+00:00,0.0,0.0
7,2025-04-04 11:00:00+00:00,0.0,0.0
7,2025-05-06 14:00:00+00:00,0.0,0.0
7,2025-05-06 17:00:00+00:00,0.0,0.0
7,2025-05-06 19:00:00+00:00,0.0,0.0
7,2025-05-06 22:00:00+00:00,0.0,0.0
7,2025-06-04 15:00:00+00:00,0.0,0.0
7,2025-06-04 19:00:00+00:00,0.0,0.0
7,2025-06-04 20:00:00+00:00,0.0,0.0
7,2025-06-04 22:00:00+00:00,0.0,0.0
7,2025-06-04 23:00:00+00:00,0.0,0.0
7,2025-06-05 04:00:00+00:00,0.0,0.0
7,2025-06-05 07:00:00+00:00,0.0,0.0
7,2025-06-05 09:00:00+00:00,0.0,0.0
7,2025-06-05 12:00:00+00:00,0.0,0.0
7,2025-06-05 13:00:00+00:00,0.0,0.0
7,2025-06-05 14:00:00+00:00,0.0,0.0
7,2025-06-05 17:00:00+00:00,0.0,0.0
7,2025-08-04 08:00:00+00:00,0.0,0.0
7,2025-08-04 09:00:00+00:00,0.0,0.0
7,2025-08-04 10:00:00+00:00,0.0,0.0
7,2025-08-04 11:00:00+00:00,0.0,0.0
7,2025-08-04 12:00:00+00:00,0.0,0.0
7,2025-08-04 13:00:00+00:00,0.0,0.0
7,2025-08-04 14:00:00+00:00,0.0,0.0
7,2025-08-04 16:00:00+00:00,0.0,0.0
7,2025-08-04 17:00:00+00:00,0.0,0.0
7,2025-08-04 18:00:00+00:00,0.0,0.0
7,2025-08-04 19:00:00+00:00,0.0,0.0
7,2025-08-04 20:00:00+00:00,0.0,0.0
7,2025-08-04 21:00:00+00:00,0.0,0.0
7,2025-09-01 13:00:00+00:00,0.0,0.0
7,2025-09-01 14:00:00+00:00,0.0,0.0
7,2025-09-01 18:00:00+00:00,0.0,0.0
7,2025-09-01 20:00:00+00:00,0.0,0.0
7,2025-09-02 09:00:00+00:00,0.0,0.0
7,2025-09-02 11:00:00+00:00,0.0,0.0
7,2025-09-02 12:00:00+00:00,0.0,0.0
7,2025-09-02 13:00:00+00:00,0.0,0.0
9,2024-08-01 12:00:00+00:00,0.0,0.0
9,2024-08-01 14:00:00+00:00,0.0,0.0
9,2024-08-01 15:00:00+00:00,0.0,0.0
9,2024-08-01 16:00:00+00:00,0.0,0.0
9,2024-08-01 17:00:00+00:00,0.0,0.0
9,2024-08-05 10:00:00+00:00,0.0,0.0
9,2024-09-04 13:00:00+00:00,0.0,0.0
9,2024-09-04 14:00:00+00:00,0.0,0.0
9,2024-09-04 15:00:00+00:00,0.0,0.0
9,2024-09-04 16:00:00+00:00,0.0,0.0
9,2024-09-04 17:00:00+00:00,0.0,0.0
9,2024-09-04 18:00:00+00:00,0.0,0.0
9,2024-09-04 19:00:00+00:00,0.0,0.0
9,2024-09-04 20:00:00+00:00,0.0,0.0
9,2024-09-04 21:00:00+00:00,0.0,0.0
9,2024-09-04 22:00:00+00:00,0.0,0.0
9,2024-10-04 10:00:00+00:00,0.0,0.0
9,2024-10-07 08:00:00+00:00,0.0,0.0
9,2024-10-07 09:00:00+00:00,0.0,0.0
9,2024-10-07 10:00:00+00:00,0.0,0.0
9,2024-10-07 11:00:00+00:00,0.0,0.0
9,2024-10-07 12:00:00+00:00,0.0,0.0
9,2024-12-04 13:00:00+00:00,0.0,0.0
9,2024-12-09 00:00:00+00:00,0.0,0.0
9,2024-12-09 06:00:00+00:00,0.0,0.0
9,2024-12-09 07:00:00+00:00,0.0,0.0
9,2024-12-09 08:00:00+00:00,0.0,0.0
9,2025-01-06 08:00:00+00:00,0.0,0.0
9,2025-01-06 09:00:00+00:00,0.0,0.0
9,2025-01-06 10:00:00+00:00,0.0,0.0
9,2025-01-06 11:00:00+00:00,0.0,0.0
9,2025-01-06 12:00:00+00:00,0.0,0.0
9,2025-01-06 13:00:00+00:00,0.0,0.0
9,2025-01-06 14:00:00+00:00,0.0,0.0
9,2025-01-06 15:00:00+00:00,0.0,0.0
9,2025-01-06 16:00:00+00:00,0.0,0.0
9,2025-02-11 00:00:00+00:00,0.0,0.0
9,2025-02-11 03:00:00+00:00,0.0,0.0
9,2025-02-11 04:00:00+00:00,0.0,0.0
9,2025-02-11 06:00:00+00:00,0.0,0.0
9,2025-02-11 07:00:00+00:00,0.0,0.0
9,2025-02-11 08:00:00+00:00,0.0,0.0
9,2025-03-01 03:00:00+00:00,0.0,0.0
9,2025-03-01 04:00:00+00:00,0.0,0.0
9,2025-03-01 05:00:00+00:00,0.0,0.0
9,2025-03-01 06:00:00+00:00,0.0,0.0
9,2025-03-01 07:00:00+00:00,0.0,0.0
9,2025-03-01 08:00:00+00:00,0.0,0.0
9,2025-03-01 09:00:00+00:00,0.0,0.0
9,2025-03-01 10:00:00+00:00,0.0,0.0
9,2025-03-01 11:00:00+00:00,0.0,0.0
9,2025-03-01 12:00:00+00:00,0.0,0.0
9,2025-03-01 13:00:00+00:00,0.0,0.0
9,2025-03-01 14:00:00+00:00,0.0,0.0
9,2025-03-01 16:00:00+00:00,0.0,0.0
9,2025-03-01 17:00:00+00:00,0.0,0.0
9,2025-03-01 18:00:00+00:00,0.0,0.0
9,2025-03-01 19:00:00+00:00,0.0,0.0
9,2025-03-01 20:00:00+00:00,0.0,0.0
9,2025-03-01 21:00:00+00:00,0.0,0.0
9,2025-03-01 22:00:00+00:00,0.0,0.0
9,2025-03-01 23:00:00+00:00,0.0,0.0
9,2025-04-01 08:00:00+00:00,0.0,0.0
9,2025-04-01 09:00:00+00:00,0.0,0.0
9,2025-04-01 11:00:00+00:00,0.0,0.0
9,2025-04-01 12:00:00+00:00,0.0,0.0
9,2025-04-02 10:00:00+00:00,0.0,0.0
9,2025-04-02 11:00:00+00:00,0.0,0.0
9,2025-04-02 12:00:00+00:00,0.0,0.0
9,2025-04-03 09:00:00+00:00,0.0,0.0
9,2025-04-03 15:00:00+00:00,0.0,0.0
9,2025-04-03 16:00:00+00:00,0.0,0.0
9,2025-04-03 17:00:00+00:00,0.0,0.0
9,2025-04-03 18:00:00+00:00,0.0,0.0
9,2025-04-03 20:00:00+00:00,0.0,0.0
9,2025-04-03 21:00:00+00:00,0.0,0.0
9,2025-04-03 22:00:00+00:00,0.0,0.0
9,2025-04-04 08:00:00+00:00,0.0,0.0
9,2025-04-04 09:00:00+00:00,0.0,0.0
9,2025-04-04 10:00:00+00:00,0.0,0.0
9,2025-04-04 12:00:00+00:00,0.0,0.0
9,2025-04-04 13:00:00+00:00,0.0,0.0
9,2025-05-06 14:00:00+00:00,0.0,0.0
9,2025-05-06 15:00:00+00:00,0.0,0.0
9,2025-05-06 17:00:00+00:00,0.0,0.0
9,2025-05-06 18:00:00+00:00,0.0,0.0
9,2025-05-06 20:00:00+00:00,0.0,0.0
9,2025-05-06 22:00:00+00:00,0.0,0.0
9,2025-06-04 15:00:00+00:00,0.0,0.0
9,2025-06-04 16:00:00+00:00,0.0,0.0
9,2025-06-04 19:00:00+00:00,0.0,0.0
9,2025-06-04 20:00:00+00:00,0.0,0.0
9,2025-06-04 21:00:00+00:00,0.0,0.0
9,2025-06-04 22:00:00+00:00,0.0,0.0
9,2025-06-04 23:00:00+00:00,0.0,0.0
9,2025-06-05 01:00:00+00:00,0.0,0.0
9,2025-06-05 02:00:00+00:00,0.0,0.0
9,2025-06-05 03:00:00+00:00,0.0,0.0
9,2025-06-05 04:00:00+00:00,0.0,0.0
9,2025-06-05 06:00:00+00:00,0.0,0.0
9,2025-06-05 07:00:00+00:00,0.0,0.0
9,2025-06-05 10:00:00+00:00,0.0,0.0
9,2025-06-05 11:00:00+00:00,0.0,0.0
9,2025-06-05 14:00:00+00:00,0.0,0.0
9,2025-06-05 15:00:00+00:00,0.0,0.0
9,2025-06-05 16:00:00+00:00,0.0,0.0
9,2025-08-04 08:00:00+00:00,0.0,0.0
9,2025-08-04 09:00:00+00:00,0.0,0.0
9,2025-08-04 10:00:00+00:00,0.0,0.0
9,2025-08-04 11:00:00+00:00,0.0,0.0
9,2025-08-04 12:00:00+00:00,0.0,0.0
9,2025-08-04 13:00:00+00:00,0.0,0.0
9,2025-08-04 14:00:00+00:00,0.0,0.0
9,2025-08-04 15:00:00+00:00,0.0,0.0
9,2025-08-04 16:00:00+00:00,0.0,0.0
9,2025-08-04 17:00:00+00:00,0.0,0.0
9,2025-08-04 18:00:00+00:00,0.0,0.0
9,2025-08-04 20:00:00+00:00,0.0,0.0
9,2025-08-04 22:00:00+00:00,0.0,0.0
9,2025-09-01 13:00:00+00:00,0.0,0.0
9,2025-09-01 14:00:00+00:00,0.0,0.0
9,2025-09-01 16:00:00+00:00,0.0,0.0
9,2025-09-01 17:00:00+00:00,0.0,0.0
9,2025-09-01 18:00:00+00:00,0.0,0.0
9,2025-09-01 19:00:00+00:00,0.0,0.0
9,2025-09-01 20:00:00+00:00,0.0,0.0
9,2025-09-01 22:00:00+00:00,0.0,0.0
9,2025-09-02 07:00:00+00:00,0.0,0.0
9,2025-09-02 10:00:00+00:00,0.0,0.0
9,2025-09-02 11:00:00+00:00,0.0,0.0
9,2025-09-02 12:00:00+00:00,0.0,0.0
9,2025-09-02 13:00:00+00:00,0.0,0.0
11,2024-08-01 12:00:00+00:00,797.0,13.283333333333333
11,2024-08-01 13:00:00+00:00,1640.0,27.333333333333332
11,2024-08-01 14:00:00+00:00,1696.0,28.266666666666666
11,2024-08-01 15:00:00+00:00,2412.0,40.2
11,2024-08-01 16:00:00+00:00,1676.0,27.933333333333334
11,2024-08-01 17:00:00+00:00,986.0,16.433333333333334
11,2024-08-01 18:00:00+00:00,952.0,15.866666666666667
11,2024-08-05 10:00:00+00:00,2193.0,36.55
11,2024-09-04 13:00:00+00:00,2712.0,45.2
11,2024-09-04 14:00:00+00:00,3093.0,51.55
11,2024-09-04 15:00:00+00:00,3111.0,51.85
11,2024-09-04 16:00:00+00:00,3024.0,50.4
11,2024-09-04 17:00:00+00:00,3330.0,55.5
11,2024-09-04 18:00:00+00:00,3282.0,54.7
11,2024-09-04 19:00:00+00:00,2994.0,49.9
11,2024-09-04 20:00:00+00:00,2772.0,46.2
11,2024-09-04 21:00:00+00:00,3144.0,52.4
11,2024-09-04 22:00:00+00:00,3156.0,52.6
11,2024-10-04 10:00:00+00:00,2310.0,38.5
11,2024-10-04 11:00:00+00:00,2208.0,36.8
11,2024-10-04 12:00:00+00:00,1950.0,32.5
11,2024-10-07 08:00:00+00:00,2940.0,49.0
11,2024-10-07 09:00:00+00:00,2985.0,49.75
11,2024-10-07 10:00:00+00:00,2763.0,46.05
11,2024-10-07 11:00:00+00:00,3792.0,63.2
11,2024-10-07 12:00:00+00:00,4215.0,70.25
11,2024-11-03 01:00:00+00:00,897.0,14.95
11,2024-11-03 03:00:00+00:00,808.0,13.466666666666667
11,2024-11-03 04:00:00+00:00,797.0,13.283333333333333
11,2024-11-03 13:00:00+00:00,776.0,12.933333333333334
11,2024-11-03 15:00:00+00:00,891.0,14.85
11,2024-11-03 18:00:00+00:00,998.0,16.633333333333333
11,2024-11-03 19:00:00+00:00,888.0,14.8
11,2024-11-03 21:00:00+00:00,876.0,14.6
11,2024-11-03 23:00:00+00:00,738.0,12.3
11,2024-12-04 13:00:00+00:00,996.0,16.6
11,2024-12-09 01:00:00+00:00,614.0,10.233333333333333
11,2024-12-09 02:00:00+00:00,492.0,8.2
11,2024-12-09 03:00:00+00:00,188.0,3.1333333333333333
11,2024-12-09 04:00:00+00:00,300.0,5.0
11,2024-12-09 05:00:00+00:00,372.0,6.2
11,2024-12-09 06:00:00+00:00,317.0,5.283333333333333
11,2024-12-09 07:00:00+00:00,936.0,15.6
11,2024-12-09 08:00:00+00:00,541.0,9.016666666666667
11,2025-01-06 08:00:00+00:00,498.0,8.3
11,2025-01-06 09:00:00+00:00,1446.0,24.1
11,2025-01-06 10:00:00+00:00,1449.0,24.15
11,2025-01-06 11:00:00+00:00,1371.0,22.85
11,2025-01-06 12:00:00+00:00,1758.0,29.3
11,2025-01-06 13:00:00+00:00,1698.0,28.3
11,2025-01-06 14:00:00+00:00,1746.0,29.1
11,2025-01-06 15:00:00+00:00,1689.0,28.15
11,2025-01-06 16:00:00+00:00,1686.0,28.1
11,2025-02-11 00:00:00+00:00,658.0,10.966666666666667
11,2025-02-11 01:00:00+00:00,1290.0,21.5
11,2025-02-11 04:00:00+00:00,591.0,9.85
11,2025-02-11 05:00:00+00:00,250.0,4.166666666666667
11,2025-02-11 07:00:00+00:00,1206.0,20.1
11,2025-03-01 03:00:00+00:00,700.0,11.666666666666666
11,2025-03-01 04:00:00+00:00,530.0,8.833333333333334
11,2025-03-01 05:00:00+00:00,266.0,4.433333333333334
11,2025-03-01 07:00:00+00:00,295.0,4.916666666666667
11,2025-03-01 08:00:00+00:00,654.0,10.9
11,2025-03-01 10:00:00+00:00,892.0,14.866666666666667
11,2025-03-01 11:00:00+00:00,972.0,16.2
11,2025-03-01 12:00:00+00:00,480.0,8.0
11,2025-03-01 13:00:00+00:00,507.0,8.45
11,2025-03-01 14:00:00+00:00,1010.0,16.833333333333332
11,2025-03-01 15:00:00+00:00,551.0,9.183333333333334
11,2025-03-01 16:00:00+00:00,557.0,9.283333333333333
11,2025-03-01 17:00:00+00:00,1166.0,19.433333333333334
11,2025-03-01 18:00:00+00:00,1062.0,17.7
11,2025-03-01 19:00:00+00:00,1004.0,16.733333333333334
11,2025-03-01 20:00:00+00:00,1467.0,24.45
11,2025-03-01 22:00:00+00:00,548.0,9.133333333333333
11,2025-03-01 23:00:00+00:00,1116.0,18.6
11,2025-04-01 08:00:00+00:00,0.0,0.0
11,2025-04-01 09:00:00+00:00,0.0,0.0
11,2025-04-01 10:00:00+00:00,0.0,0.0
11,2025-04-01 11:00:00+00:00,0.0,0.0
11,2025-04-01 12:00:00+00:00,0.0,0.0
11,2025-04-02 10:00:00+00:00,0.0,0.0
11,2025-04-02 11:00:00+00:00,0.0,0.0
11,2025-04-02 12:00:00+00:00,0.0,0.0
11,2025-04-03 09:00:00+00:00,0.0,0.0
11,2025-04-03 15:00:00+00:00,0.0,0.0
11,2025-04-03 16:00:00+00:00,0.0,0.0
11,2025-04-03 17:00:00+00:00,0.0,0.0
11,2025-04-03 18:00:00+00:00,0.0,0.0
11,2025-04-03 19:00:00+00:00,0.0,0.0
11,2025-04-03 20:00:00+00:00,0.0,0.0
11,2025-04-03 21:00:00+00:00,0.0,0.0
11,2025-04-03 22:00:00+00:00,0.0,0.0
11,2025-04-04 07:00:00+00:00,0.0,0.0
11,2025-04-04 08:00:00+00:00,0.0,0.0
11,2025-04-04 09:00:00+00:00,0.0,0.0
11,2025-04-04 10:00:00+00:00,0.0,0.0
11,2025-04-04 11:00:00+00:00,0.0,0.0
11,2025-04-04 12:00:00+00:00,0.0,0.0
11,2025-04-04 13:00:00+00:00,0.0,0.0
11,2025-05-06 15:00:00+00:00,0.0,0.0
11,2025-05-06 16:00:00+00:00,0.0,0.0
11,2025-05-06 18:00:00+00:00,0.0,0.0
11,2025-05-06 19:00:00+00:00,0.0,0.0
11,2025-05-06 20:00:00+00:00,0.0,0.0
11,2025-05-06 21:00:00+00:00,0.0,0.0
11,2025-05-06 22:00:00+00:00,0.0,0.0
11,2025-06-04 15:00:00+00:00,0.0,0.0
11,2025-06-04 16:00:00+00:00,0.0,0.0
11,2025-06-04 17:00:00+00:00,0.0,0.0
11,2025-06-04 18:00:00+00:00,0.0,0.0
11,2025-06-04 19:00:00+00:00,0.0,0.0
11,2025-06-04 20:00:00+00:00,0.0,0.0
11,2025-06-04 21:00:00+00:00,0.0,0.0
11,2025-06-04 22:00:00+00:00,0.0,0.0
11,2025-06-04 23:00:00+00:00,0.0,0.0
11,2025-06-05 00:00:00+00:00,0.0,0.0
11,2025-06-05 01:00:00+00:00,0.0,0.0
11,2025-06-05 02:00:00+00:00,0.0,0.0
11,2025-06-05 03:00:00+00:00,0.0,0.0
11,2025-06-05 04:00:00+00:00,0.0,0.0
11,2025-06-05 05:00:00+00:00,0.0,0.0
11,2025-06-05 06:00:00+00:00,0.0,0.0
11,2025-06-05 07:00:00+00:00,0.0,0.0
11,2025-06-05 08:00:00+00:00,0.0,0.0
11,2025-06-05 09:00:00+00:00,0.0,0.0
11,2025-06-05 10:00:00+00:00,0.0,0.0
11,2025-06-05 11:00:00+00:00,0.0,0.0
11,2025-06-05 12:00:00+00:00,0.0,0.0
11,2025-06-05 13:00:00+00:00,0.0,0.0
11,2025-06-05 14:00:00+00:00,0.0,0.0
11,2025-06-05 15:00:00+00:00,0.0,0.0
11,2025-06-05 17:00:00+00:00,0.0,0.0
11,2025-07-01 23:00:00+00:00,0.0,0.0
11,2025-07-02 04:00:00+00:00,0.0,0.0
11,2025-07-02 06:00:00+00:00,0.0,0.0
11,2025-07-02 07:00:00+00:00,0.0,0.0
11,2025-07-02 08:00:00+00:00,0.0,0.0
11,2025-07-02 10:00:00+00:00,0.0,0.0
11,2025-07-02 11:00:00+00:00,0.0,0.0
11,2025-07-02 12:00:00+00:00,0.0,0.0
11,2025-07-02 13:00:00+00:00,0.0,0.0
11,2025-08-04 08:00:00+00:00,0.0,0.0
11,2025-08-04 09:00:00+00:00,0.0,0.0
11,2025-08-04 10:00:00+00:00,0.0,0.0
11,2025-08-04 11:00:00+00:00,0.0,0.0
11,2025-08-04 12:00:00+00:00,0.0,0.0
11,2025-08-04 13:00:00+00:00,0.0,0.0
11,2025-08-04 14:00:00+00:00,0.0,0.0
11,2025-08-04 15:00:00+00:00,0.0,0.0
11,2025-08-04 16:00:00+00:00,0.0,0.0
11,2025-08-04 17:00:00+00:00,0.0,0.0
11,2025-08-04 18:00:00+00:00,0.0,0.0
11,2025-08-04 20:00:00+00:00,0.0,0.0
11,2025-08-04 21:00:00+00:00,0.0,0.0
11,2025-08-04 22:00:00+00:00,0.0,0.0
11,2025-08-05 17:00:00+00:00,0.0,0.0
11,2025-08-05 18:00:00+00:00,0.0,0.0
11,2025-08-05 20:00:00+00:00,0.0,0.0
11,2025-08-05 21:00:00+00:00,0.0,0.0
11,2025-08-05 22:00:00+00:00,0.0,0.0
11,2025-09-02 08:00:00+00:00,0.0,0.0
11,2025-09-02 09:00:00+00:00,0.0,0.0
11,2025-09-02 10:00:00+00:00,0.0,0.0
11,2025-09-02 11:00:00+00:00,0.0,0.0
11,2025-09-02 12:00:00+00:00,0.0,0.0
11,2025-09-02 13:00:00+00:00,0.0,0.0
